{
  "train_loss": [
    2.671932084650933,
    2.3175950623765775,
    2.1041970041733755
  ],
  "val_loss": [
    2.432772397994995,
    2.1533470451831818,
    2.014353759586811
  ],
  "lr": [
    0.0007499999999999997,
    0.00025000000000000017,
    0.0
  ],
  "epoch_times": [
    50.03733849525452,
    50.05596446990967,
    50.42261838912964
  ]
}