{
  "train_loss": [
    2.6558388003820106,
    2.2234936243371117,
    1.9936262248437615
  ],
  "val_loss": [
    2.3681861758232117,
    2.0234383940696716,
    1.8952922075986862
  ],
  "lr": [
    0.0007499999999999997,
    0.00025000000000000017,
    0.0
  ],
  "epoch_times": [
    579.9816792011261,
    582.9309315681458,
    579.9914925098419
  ]
}