{
  "train_loss": [
    2.519489602678141,
    1.8869736012379834,
    1.4763275422867697,
    1.2165655110292375,
    0.9603487678394196,
    0.46312843215693333,
    0.20552066704080363,
    0.12366422773546475,
    0.09464346271031981,
    0.08474979115424643
  ],
  "val_loss": [
    2.174007534980774,
    1.4528736174106598,
    1.0928947404026985,
    0.8230828195810318,
    0.5118287531659007,
    0.15665418491698802,
    0.04865898040588945,
    0.028961689269635826,
    0.023138751595979556,
    0.02236299472860992
  ],
  "lr": [
    0.0009755282581475772,
    0.0009045084971874742,
    0.0007938926261462369,
    0.000654508497187474,
    0.0005000000000000002,
    0.00034549150281252606,
    0.00020610737385376313,
    9.549150281252606e-05,
    2.4471741852423157e-05,
    0.0
  ],
  "epoch_times": [
    45.57699251174927,
    44.276089906692505,
    44.865294218063354,
    44.575133323669434,
    44.514626264572144,
    45.12596583366394,
    44.64545679092407,
    45.013548135757446,
    44.28425645828247,
    44.55260944366455
  ]
}