{
  "train_loss": [
    2.4649378585207993,
    1.8249489008241397,
    0.9945081062377639,
    0.5053394286875512,
    0.3180879679075472,
    0.20617260826621087,
    0.13797290457092273,
    0.10681606307151212,
    0.09005268677404732,
    0.08448711521686263
  ],
  "val_loss": [
    2.063180312514305,
    1.3734619282186031,
    0.44976298697292805,
    0.26166796078905463,
    0.14619618142023683,
    0.08732173196040094,
    0.06284914584830403,
    0.0500867769587785,
    0.04616934130899608,
    0.04581826587673277
  ],
  "lr": [
    0.0009755282581475772,
    0.0009045084971874742,
    0.0007938926261462369,
    0.000654508497187474,
    0.0005000000000000002,
    0.00034549150281252606,
    0.00020610737385376313,
    9.549150281252606e-05,
    2.4471741852423157e-05,
    0.0
  ],
  "epoch_times": [
    461.30611085891724,
    419.0223343372345,
    415.437584400177,
    416.256639957428,
    415.1941511631012,
    415.1076214313507,
    416.22668170928955,
    415.71363735198975,
    414.9634521007538,
    414.1669352054596
  ]
}